latitude,longitude,name
42.546245,1.6015540000000001,Andorra
23.424076,53.847818000000004,United Arab Emirates
33.93911,67.709953,Afghanistan
17.060816,-61.79642800000001,Antigua and Barbuda
18.220554,-63.068615,Anguilla
41.153332,20.168331,Albania
40.069099,45.038189,Armenia
12.226078999999999,-69.060087,Netherlands Antilles
-11.202691999999999,17.873887,Angola
-75.250973,-0.071389,Antarctica
-38.416097,-63.616671999999994,Argentina
-14.270972,-170.132217,American Samoa
47.516231,14.550072,Austria
-25.274398,133.775136,Australia
12.52111,-69.968338,Aruba
40.143105,47.57692700000001,Azerbaijan
43.915886,17.679076000000006,Bosnia and Herzegovina
13.193887,-59.543198,Barbados
23.684994,90.35633100000001,Bangladesh
50.503887,4.469936,Belgium
12.238333,-1.561593,Burkina Faso
42.733883,25.48583,Bulgaria
25.93041400000001,50.637772,Bahrain
-3.3730559999999996,29.918885999999997,Burundi
9.30769,2.315834,Benin
32.321384,-64.75737,Bermuda
4.535277,114.72766899999999,Brunei
-16.290154,-63.588653,Bolivia
-14.235004,-51.92528,Brazil
25.03428,-77.39628,Bahamas
27.514162,90.433601,Bhutan
-54.423199,3.4131940000000003,Bouvet Island
-22.328474,24.684866,Botswana
53.709807,27.953389,Belarus
17.189877,-88.49765,Belize
56.130366,-106.34677099999999,Canada
-12.164164999999999,96.870956,Cocos [Keeling] Islands
-4.0383330000000015,21.758664000000003,Congo [DRC]
6.611111,20.939444,Central African Republic
-0.228021,15.827658999999999,Congo [Republic]
46.818188,8.227511999999999,Switzerland
7.539989,-5.54708,CÂ»te d'Ivoire
-21.236735999999997,-159.777671,Cook Islands
-35.675146999999996,-71.542969,Chile
7.369722,12.354722,Cameroon
35.86166,104.195397,China
4.570868,-74.297333,Colombia
9.748917,-83.753428,Costa Rica
21.521757,-77.78116700000002,Cuba
16.002082,-24.013197,Cape Verde
-10.447525,105.690449,Christmas Island
35.126413,33.429859,Cyprus
49.817492,15.472961999999999,Czech Republic
51.165690999999995,10.451526,Germany
11.825138,42.590275,Djibouti
56.26392,9.501785,Denmark
15.414999,-61.370976,Dominica
18.735692999999998,-70.162651,Dominican Republic
28.033886,1.6596259999999998,Algeria
-1.8312389999999998,-78.183406,Ecuador
58.595271999999994,25.013607,Estonia
26.820553000000004,30.802497999999996,Egypt
24.215526999999998,-12.885834,Western Sahara
15.179383999999999,39.78233400000001,Eritrea
40.463667,-3.7492199999999998,Spain
9.145,40.489672999999996,Ethiopia
61.92411,25.748151,Finland
-16.578193,179.414413,Fiji
-51.796253,-59.523613,Falkland Islands [Islas Malvinas]
7.425553999999999,150.550812,Micronesia
61.892635,-6.9118059999999995,Faroe Islands
46.227638,2.213749,France
-0.803689,11.609444,Gabon
55.378051,-3.435973,United Kingdom
12.262775999999999,-61.604170999999994,Grenada
42.315407,43.356891999999995,Georgia
3.9338889999999997,-53.125781999999994,French Guiana
49.465691,-2.5852779999999997,Guernsey
7.9465270000000015,-1.0231940000000002,Ghana
36.137741,-5.345374,Gibraltar
71.706936,-42.604303,Greenland
13.443182,-15.310139000000001,Gambia
9.945587,-9.696645,Guinea
16.995971,-62.067641,Guadeloupe
1.6508009999999995,10.267895,Equatorial Guinea
39.074208,21.824312,Greece
-54.429579000000004,-36.587909,South Georgia and the South Sandwich Islands
15.783470999999999,-90.23075899999999,Guatemala
13.444304,144.793731,Guam
11.803749,-15.180413,Guinea-Bissau
4.860416000000002,-58.93018000000001,Guyana
31.354676,34.308825,Gaza Strip
22.396428,114.10949699999999,Hong Kong
-53.08181,73.50415799999998,Heard Island and McDonald Islands
15.199998999999998,-86.241905,Honduras
45.1,15.2,Croatia
18.971187,-72.28521500000002,Haiti
47.162494,19.503304,Hungary
-0.789275,113.921327,Indonesia
53.41291,-8.243889999999999,Ireland
31.046051000000002,34.851612,Israel
54.236107,-4.548056,Isle of Man
20.593684,78.96288,India
-6.343194,71.87651899999999,British Indian Ocean Territory
33.223191,43.679291,Iraq
32.427908,53.68804599999999,Iran
64.96305100000001,-19.020835,Iceland
41.87194,12.56738,Italy
49.214439,-2.13125,Jersey
18.109581,-77.297508,Jamaica
30.585164000000002,36.238414,Jordan
36.204824,138.252924,Japan
-0.023559,37.906193,Kenya
41.20438,74.766098,Kyrgyzstan
12.565679,104.990963,Cambodia
-3.3704169999999998,-168.734039,Kiribati
-11.875001,43.872219,Comoros
17.357822,-62.782998,Saint Kitts and Nevis
40.339852,127.510093,North Korea
35.90775700000001,127.766922,South Korea
29.311659999999996,47.481766,Kuwait
19.513469,-80.566956,Cayman Islands
48.019573,66.923684,Kazakhstan
19.856270000000002,102.495496,Laos
33.854721000000005,35.862285,Lebanon
13.909444,-60.97889300000001,Saint Lucia
47.166,9.555373,Liechtenstein
7.873054,80.77179699999998,Sri Lanka
6.4280550000000005,-9.429499,Liberia
-29.609988,28.233608,Lesotho
55.169438,23.881275,Lithuania
49.815273,6.129583,Luxembourg
56.879635,24.603189,Latvia
26.3351,17.228331,Libya
31.791702,-7.09262,Morocco
43.750298,7.412841,Monaco
47.411631,28.369884999999996,Moldova
42.708678000000006,19.37439,Montenegro
-18.766947000000002,46.869107,Madagascar
7.131474000000001,171.184478,Marshall Islands
41.608635,21.745275,Macedonia [FYROM]
17.570692,-3.996166000000001,Mali
21.913965,95.956223,Myanmar [Burma]
46.862496,103.84665600000001,Mongolia
22.198745000000002,113.543873,Macau
17.33083,145.38468999999995,Northern Mariana Islands
14.641528,-61.024174,Martinique
21.00789,-10.940835,Mauritania
16.742498,-62.187366000000004,Montserrat
35.937496,14.375416,Malta
-20.348404000000002,57.552152,Mauritius
3.202778,73.22068,Maldives
-13.254307999999998,34.301525,Malawi
23.634501,-102.552784,Mexico
4.210483999999999,101.97576600000001,Malaysia
-18.665695,35.529562,Mozambique
-22.957639999999998,18.49041,Namibia
-20.904304999999997,165.618042,New Caledonia
17.607789,8.081666,Niger
-29.040834999999998,167.954712,Norfolk Island
9.081999,8.675277000000001,Nigeria
12.865416,-85.207229,Nicaragua
52.132633,5.291266,Netherlands
60.472024,8.468946,Norway
28.394857000000002,84.12400799999998,Nepal
-0.522778,166.931503,Nauru
-19.054445,-169.867233,Niue
-40.900557,174.88597099999996,New Zealand
21.512583,55.92325500000001,Oman
8.537981,-80.782127,Panama
-9.189967,-75.015152,Peru
-17.679742,-149.40684299999995,French Polynesia
-6.314993,143.95555,Papua New Guinea
12.879721,121.77401699999999,Philippines
30.375321000000003,69.345116,Pakistan
51.919438,19.145135999999997,Poland
46.941936,-56.27111,Saint Pierre and Miquelon
-24.703615,-127.43930800000001,Pitcairn Islands
18.220833,-66.590149,Puerto Rico
31.952162,35.233154,Palestinian Territories
39.399871999999995,-8.224454,Portugal
7.51498,134.58252,Palau
-23.442503,-58.44383199999999,Paraguay
25.354826,51.183884,Qatar
-21.115141,55.536384,R_union
45.943160999999996,24.96676,Romania
44.016521000000004,21.005859,Serbia
61.52401,105.31875600000001,Russia
-1.940278,29.873888,Rwanda
23.885942,45.079162,Saudi Arabia
-9.645710000000001,160.156194,Solomon Islands
-4.679574,55.491977,Seychelles
12.862807,30.217636,Sudan
60.128161,18.643501,Sweden
1.352083,103.819836,Singapore
-24.143473999999998,-10.030696,Saint Helena
46.151241,14.995463,Slovenia
77.553604,23.670272,Svalbard and Jan Mayen
48.669026,19.699023999999998,Slovakia
8.460555000000001,-11.779889,Sierra Leone
43.94236,12.457777,San Marino
14.497401000000002,-14.452361999999999,Senegal
5.152149,46.199616,Somalia
3.9193050000000014,-56.02778299999999,Suriname
13.794185,-88.89653,El Salvador
34.802075,38.99681500000001,Syria
-26.522503000000004,31.465866,Swaziland
21.694025,-71.797928,Turks and Caicos Islands
15.454166,18.732207,Chad
-49.280366,69.348557,French Southern Territories
8.619543,0.824782,Togo
15.870032,100.992541,Thailand
38.861034000000004,71.276093,Tajikistan
-8.967363,-171.855881,Tokelau
-8.874217,125.727539,Timor-Leste
38.969719,59.556278000000006,Turkmenistan
33.886917,9.537499,Tunisia
-21.178986,-175.198242,Tonga
38.963745,35.243322,Turkey
10.691803,-61.222503,Trinidad and Tobago
-7.109535,177.64933,Tuvalu
23.69781,120.96051499999999,Taiwan
-6.369028,34.888822,Tanzania
48.379433,31.16558,Ukraine
1.373333,32.290275,Uganda
37.09024,-95.712891,United States
-32.522779,-55.765834999999996,Uruguay
41.377491,64.585262,Uzbekistan
41.902916,12.453389,Vatican City
12.984305,-61.287228000000006,Saint Vincent and the Grenadines
6.42375,-66.58973,Venezuela
18.420695000000002,-64.63996800000001,British Virgin Islands
18.335765,-64.896335,U.S. Virgin Islands
14.058323999999999,108.277199,Vietnam
-15.376706,166.959158,Vanuatu
-13.768752,-177.156097,Wallis and Futuna
-13.759029,-172.10462900000005,Samoa
42.602636,20.902977,Kosovo
15.552726999999999,48.516388,Yemen
-12.8275,45.166244,Mayotte
-30.559482,22.937506,South Africa
-13.133897,27.849332,Zambia
-19.015438,29.154857,Zimbabwe
63.588753000000004,-154.493062,Alaska
32.318231,-86.902298,Alabama
35.20105,-91.83183299999999,Arkansas
34.048928000000004,-111.093731,Arizona
36.778261,-119.41793200000001,California
39.550051,-105.782067,Colorado
41.60322100000001,-73.087749,Connecticut
38.905985,-77.03341800000003,District of Columbia
38.910832,-75.52767,Delaware
27.664827000000002,-81.515754,Florida
32.157435,-82.907123,Georgia
19.898682,-155.66585700000005,Hawaii
41.878003,-93.097702,Iowa
44.068202,-114.74204099999999,Idaho
40.633125,-89.398528,Illinois
40.551217,-85.602364,Indiana
39.011902,-98.484246,Kansas
37.839333,-84.27001800000002,Kentucky
31.244822999999997,-92.14502399999999,Louisiana
42.407211,-71.382437,Massachusetts
39.045755,-76.641271,Maryland
45.253783,-69.44546899999999,Maine
44.314844,-85.602364,Michigan
46.729553,-94.6859,Minnesota
37.964253,-91.83183299999999,Missouri
32.354668,-89.398528,Mississippi
46.879682,-110.36256599999999,Montana
35.759572999999996,-79.0193,North Carolina
47.551493,-101.002012,North Dakota
41.492537,-99.901813,Nebraska
43.193852,-71.572395,New Hampshire
40.058324,-74.405661,New Jersey
34.97273,-105.03236299999999,New Mexico
38.802609999999994,-116.419389,Nevada
43.299428000000006,-74.217933,New York
40.417287,-82.907123,Ohio
35.007752,-97.092877,Oklahoma
43.804133,-120.554201,Oregon
41.203322,-77.194525,Pennsylvania
18.220833,-66.590149,Puerto Rico
41.580095,-71.477429,Rhode Island
33.836081,-81.163725,South Carolina
43.969515,-99.901813,South Dakota
35.517491,-86.58044699999998,Tennessee
31.968598999999998,-99.901813,Texas
39.32098,-111.093731,Utah
37.431573,-78.656894,Virginia
44.55880300000001,-72.577841,Vermont
47.751073999999996,-120.74013899999999,Washington
43.784440000000004,-88.787868,Wisconsin
38.597626,-80.454903,West Virginia
43.075967999999996,-107.29028400000001,Wyoming
